kgName,kinderGardenId,kgExternal,kgMapUrl,selectedRegionId,selectedRegionRegionName
СДЯ №1 ,242,1,"https://www.google.com/maps/d/viewer?authuser=0&hl=bg&mid=zBJvLL_EO4pE.kkhSC76Er9fk&msa=0&ll=42.689746,23.326228&spn=0.004408,0.010042&iwloc=lyrftr:msid:215514434165803826755.00044d55fe12e68875c38,0004abdbd4094fd9c4280,,,0,-31",1,Средец
ДГ №18 Детски свят (с яслени групи),36,18,"https://www.google.com/maps/d/viewer?authuser=0&hl=bg&mid=zBJvLL_EO4pE.kkhSC76Er9fk&ll=42.68654,23.347535&spn=0.001869,0.003626&t=h&z=18&iwloc=00044d93f1ddacd588d77",1,Средец
ДГ №18 Детски свят - сграда 2,479,18,,1,Средец
СДЯ №28 ,243,28,"https://www.google.com/maps/d/viewer?authuser=0&hl=bg&mid=zBJvLL_EO4pE.kkhSC76Er9fk&msa=0&ll=42.690558,23.321925&spn=0.00373,0.006416  ",1,Средец
ДГ №77 Магнолия,86,77,"https://www.google.com/maps/d/viewer?authuser=0&hl=bg&mid=zBJvLL_EO4pE.kkhSC76Er9fk&t=h&ll=42.690204,23.345121&spn=0.001869,0.003455&z=18",1,Средец
ДГ №113 Преспа,105,113,"https://www.google.com/maps/d/viewer?authuser=0&hl=bg&mid=zBJvLL_EO4pE.kkhSC76Er9fk&ll=42.689494,23.326496&spn=0.001869,0.003626&t=h&z=18&iwloc=00044dcf015a8d2fa585f",1,Средец
ДГ №159 Олимпийче,184,159,"https://www.google.com/maps/d/viewer?authuser=0&hl=bg&mid=zBJvLL_EO4pE.kkhSC76Er9fk&ll=42.692021,23.321357&spn=0.001869,0.003626&t=h&z=18&iwloc=00044d9263de51a754055",1,Средец
ДГ №8 Проф. д-р Елка Петрова (с яслени групи),147,8,"https://www.google.com/maps/d/viewer?authuser=0&hl=bg&mid=zBJvLL_EO4pE.kkhSC76Er9fk&ll=42.671361,23.284187&spn=0.00187,0.003626&t=h&z=18&iwloc=00044d9135307eb421bf1",2,Красно село
СДЯ №31 Палавници,244,31,"https://www.google.com/maps/d/viewer?authuser=0&hl=bg&mid=zBJvLL_EO4pE.kkhSC76Er9fk&msa=0&ll=42.683697,23.296702&spn=0.007461,0.012832  ",2,Красно село
ДГ №67 Чучулига,192,67,"https://www.google.com/maps/d/viewer?authuser=0&hl=bg&mid=zBJvLL_EO4pE.kkhSC76Er9fk&ll=42.671823,23.277084&spn=0.00187,0.003626&t=h&z=18&iwloc=00044db962ad74f968c89",2,Красно село
ДГ №67 Чучулига - сграда бл. 8,233,67,https://www.google.com/maps/d/edit?mid=16SSNdcKE-i_XeQ2mlaYxnZeXeTY&ll=42.671259842819566%2C23.27530012613795&z=19,2,Красно село
ДГ №80 Приказна калина (с яслени групи),109,80,"https://www.google.com/maps/d/viewer?authuser=0&hl=bg&mid=zBJvLL_EO4pE.kkhSC76Er9fk&ll=42.680318,23.291686&spn=0.001869,0.003626&t=h&z=18",2,Красно село
ДГ №85 Родина,120,85,"https://www.google.com/maps/d/viewer?authuser=0&hl=bg&mid=zBJvLL_EO4pE.kkhSC76Er9fk&ll=42.693464,23.307892&spn=0.001869,0.003626&t=h&z=18&iwloc=00044dbcbf6f65779e757",2,Красно село
ДГ №93 Чуден свят (с яслени групи),157,93,"https://www.google.com/maps/d/viewer?authuser=0&hl=bg&mid=zBJvLL_EO4pE.kkhSC76Er9fk&ll=42.676571,23.286451&spn=0.001869,0.003626&t=h&z=18&iwloc=00044dcce4f64b213751d",2,Красно село
ДГ №93 Чуден свят - сграда бл. 195,283,93,"https://www.google.com/maps/d/viewer?authuser=0&hl=bg&mid=zBJvLL_EO4pE.kkhSC76Er9fk&ll=42.676571,23.286451&spn=0.001869,0.003626&t=h&z=18&iwloc=00044dcce4f64b213751d",2,Красно село
ДГ №99 Брезичка (с яслени групи),13,99,"https://www.google.com/maps/d/viewer?authuser=0&hl=bg&mid=zBJvLL_EO4pE.kkhSC76Er9fk&ll=42.674867,23.293467&spn=0.001869,0.003626&t=h&z=18&iwloc=00044dcd9560afebe620c",2,Красно село
ДГ №99 Брезичка - сграда бл.31,240,99,"https://www.google.com/maps/d/viewer?authuser=0&hl=bg&mid=zBJvLL_EO4pE.kkhSC76Er9fk&msa=0&ll=42.675573,23.293569&spn=0.009371,0.022638&iwloc=0004dec8a98299ab1dde0",2,Красно село
ДГ №107 Бон-бон,193,107,"https://www.google.com/maps/d/viewer?authuser=0&hl=bg&mid=zBJvLL_EO4pE.kkhSC76Er9fk&ll=42.695688,23.310408&spn=0.001869,0.003626&t=h&z=18&iwloc=00044d90fa55fe436a28b",2,Красно село
ДГ №124 Бърборино,185,124,"https://www.google.com/maps/d/viewer?authuser=0&hl=bg&mid=zBJvLL_EO4pE.kkhSC76Er9fk&ll=42.685925,23.302871&spn=0.001869,0.003626&t=h&z=18&iwloc=00044dcff3e3beec6acb6",2,Красно село
ДГ №134 Любопитко (с логопедични групи),18,134,"https://www.google.com/maps/d/viewer?authuser=0&hl=bg&mid=zBJvLL_EO4pE.kkhSC76Er9fk&ll=42.680775,23.297233&spn=0.001869,0.003626&t=h&z=18&iwloc=00044dd10a80d49ab3d5c",2,Красно село
ДГ №136 Славия,133,136,"https://www.google.com/maps/d/viewer?authuser=0&hl=bg&mid=zBJvLL_EO4pE.kkhSC76Er9fk&ll=42.675743,23.274482&spn=0.001869,0.003626&t=h&z=18&iwloc=00044dd124a2917f47e3d",2,Красно село
ДГ №142 ,182,142,"https://www.google.com/maps/d/viewer?authuser=0&hl=bg&mid=zBJvLL_EO4pE.kkhSC76Er9fk&msa=0&ll=42.685401,23.293076&spn=0.009369,0.022638&iwloc=00044dcf3089171464f8a",2,Красно село
ДГ №142 - сграда бл. 19,496,142,,2,Красно село
ДГ №145 Българка,15,145,"https://www.google.com/maps/d/viewer?authuser=0&hl=bg&mid=zBJvLL_EO4pE.kkhSC76Er9fk&ll=42.690586,23.277331&spn=0.001869,0.003626&t=h&z=18&iwloc=00044de0381cb5ae20b57",2,Красно село
ДГ №162 Вихрогонче,22,162,"https://www.google.com/maps/d/viewer?authuser=0&hl=bg&mid=zBJvLL_EO4pE.kkhSC76Er9fk&ll=42.681611,23.298681&spn=0.001869,0.003626&t=h&z=18&iwloc=00044de15f342b8c371d8",2,Красно село
ДГ №1 Червената шапчица (с яслени групи),171,1,"https://www.google.com/maps/d/viewer?authuser=0&hl=bg&mid=zBJvLL_EO4pE.kkhSC76Er9fk&ll=42.703344,23.308337&spn=0.001869,0.003626&t=h&z=18&iwloc=00044d8fc89c52b420360",3,Възраждане
ДГ №50 Зайчето Куики (с яслени групи),51,50,"https://www.google.com/maps/d/viewer?authuser=0&hl=bg&mid=zBJvLL_EO4pE.kkhSC76Er9fk&ll=42.697265,23.306953&spn=0.001869,0.003626&t=h&z=18&iwloc=00044da6f0bb0e9211c9f",3,Възраждане
ДГ №81 Лилия (с яслени групи),80,81,"https://www.google.com/maps/d/viewer?authuser=0&hl=bg&mid=zBJvLL_EO4pE.kkhSC76Er9fk&ll=42.698617,23.304293&spn=0.001869,0.003626&t=h&z=18&iwloc=00044dbc3da7a65f97d5a",3,Възраждане
ДГ №119 Детска планета,183,119,"https://www.google.com/maps/d/viewer?authuser=0&hl=bg&mid=zBJvLL_EO4pE.kkhSC76Er9fk&ll=42.699761,23.3075&spn=0.001869,0.003626&t=h&z=18&iwloc=00044dcfb00e0e9eeb7d5",3,Възраждане
ДГ №119 Детска планета - сграда 2,163,119,"https://www.google.com/maps/d/viewer?authuser=0&hl=bg&mid=zBJvLL_EO4pE.kkhSC76Er9fk&ll=42.693153,23.295758&spn=0.001869,0.003626&t=h&z=18&iwloc=00044dcf80a9cdf88dd49",3,Възраждане
ДГ №120 Детство под липите (с яслени групи),173,120,"https://www.google.com/maps/d/viewer?authuser=0&hl=bg&mid=zBJvLL_EO4pE.kkhSC76Er9fk&ll=42.698811,23.299475&spn=0.001869,0.003626&t=h&z=18&iwloc=00044dcfcde5744643904",3,Възраждане
ДГ №194 Милувка (с яслени групи),191,194,"https://www.google.com/maps/d/viewer?authuser=0&hl=bg&mid=zBJvLL_EO4pE.kkhSC76Er9fk&ll=42.702694,23.305827&spn=0.001869,0.003626&t=h&z=18&iwloc=00044db9222318bf0b91d",3,Възраждане
ДГ №100 Акад. Пенчо Н. Райков - сграда ул. Велико Търново № 4,288,100,"https://www.google.com/maps/d/viewer?authuser=0&hl=bg&mid=zBJvLL_EO4pE.kkhSC76Er9fk&msa=0&ll=42.694221,23.340138&spn=0.002342,0.005659&iwloc=0004deca7979305756530",4,Оборище
ДГ №104 Моят свят,93,104,"https://www.google.com/maps/d/viewer?authuser=0&hl=bg&mid=zBJvLL_EO4pE.kkhSC76Er9fk&ll=42.701937,23.332397&spn=0.001869,0.003626&t=h&z=18&iwloc=00044dce2ee68959f09b1",4,Оборище
ДГ №104 Моят свят - сграда 4,269,104,"https://www.google.com/maps/d/viewer?authuser=0&hl=bg&mid=zBJvLL_EO4pE.kkhSC76Er9fk&msa=0&ll=42.70269,23.325123&spn=0.002342,0.005659&iwloc=0004dee044b45f7fcc1b4",4,Оборище
ДГ №104 Моят свят - сграда 3,70,104,"https://www.google.com/maps/d/viewer?authuser=0&hl=bg&mid=zBJvLL_EO4pE.kkhSC76Er9fk&ll=42.702079,23.325037&spn=0.001869,0.003626&t=h&z=18&iwloc=00044de0a900e25b6df27",4,Оборище
ДГ №151 Леда Милева - сграда ул. Оборище,292,151,"https://www.google.com/maps/d/viewer?authuser=0&hl=bg&mid=zBJvLL_EO4pE.kkhSC76Er9fk&msa=0&ll=42.69365,23.353699&spn=0.002464,0.005681&iwloc=lyrftr:msid:215514434165803826755.00044d55fe12e68875c38,0004dee083eabb6467a3e,42.69307,23.353946,0,-32",4,Оборище
ДГ №191 Приказка без край - сграда ул. Васил Друмев,231,191,"https://www.google.com/maps/d/viewer?authuser=0&hl=bg&mid=zBJvLL_EO4pE.kkhSC76Er9fk&ll=42.695716,23.351204&spn=0.003635,0.006899&t=h&z=17&iwloc=000490372d71274131baf  ",4,Оборище
ДГ №195 Братя Мормареви (с яслени групи),177,195,"https://www.google.com/maps/d/viewer?authuser=0&hl=bg&mid=zBJvLL_EO4pE.kkhSC76Er9fk&ll=42.697754,23.331571&spn=0.001869,0.003626&t=h&z=18&iwloc=00044db88d1ef7a442b29",4,Оборище
ДГ №195 Братя Мормареви - сграда ул. Победа 3,300,195,"https://www.google.com/maps/d/viewer?authuser=0&hl=bg&mid=zBJvLL_EO4pE.kkhSC76Er9fk&msa=0&ll=42.698724,23.344367&spn=0.001114,0.002604&dg=feature",4,Оборище
ДГ №195 Братя Мормареви - сграда ул. Дунав,287,195,"https://www.google.com/maps/d/viewer?authuser=0&hl=bg&mid=zBJvLL_EO4pE.kkhSC76Er9fk&msa=0&ll=42.697561,23.333105&spn=0.004755,0.011362&iwloc=0004ddd97eb3c5c6398b6",4,Оборище
ДГ №45 Алиса,4,45,"https://www.google.com/maps/d/viewer?authuser=0&hl=bg&mid=zBJvLL_EO4pE.kkhSC76Er9fk&ll=42.707527,23.306653&spn=0.001868,0.003626&t=h&z=18&iwloc=00044da66b5b042cdca1f",5,Сердика
ДГ №48 Братя Грим (с яслени групи),11,48,"https://www.google.com/maps/d/viewer?authuser=0&hl=bg&mid=zBJvLL_EO4pE.kkhSC76Er9fk&ll=42.714287,23.301058&spn=0.001868,0.003626&t=h&z=18&iwloc=00044da6ad55a92344cd1",5,Сердика
ДГ №53 Дядовата ръкавичка (с яслени групи),43,53,"https://www.google.com/maps/d/viewer?authuser=0&hl=bg&mid=zBJvLL_EO4pE.kkhSC76Er9fk&ll=42.713739,23.310649&spn=0.003737,0.007253&t=h&z=17&iwloc=00044da738e5c5bf382cc",5,Сердика
ДГ №53 Дядовата ръкавичка - почасова организация,515,53,,5,Сердика
ДГ №63 Слънце (с яслени групи),135,63,"https://www.google.com/maps/d/viewer?authuser=0&hl=bg&mid=zBJvLL_EO4pE.kkhSC76Er9fk&ll=42.743955,23.345137&spn=0.001867,0.003626&t=h&z=18&iwloc=00044db8ca886e2f3c97d",5,Сердика
СДЯ №70 Мечо Пух,245,70,"https://www.google.com/maps/d/viewer?authuser=0&hl=bg&mid=zBJvLL_EO4pE.kkhSC76Er9fk&msa=0&ll=42.724829,23.337493&spn=0.003728,0.006416",5,Сердика
ДГ №106 Княгиня Мария-Луиза,76,106,"https://www.google.com/maps/d/viewer?authuser=0&hl=bg&mid=zBJvLL_EO4pE.kkhSC76Er9fk&ll=42.706321,23.325965&spn=0.001869,0.003626&t=h&z=18&iwloc=00044dce82538c7fa2ec1",5,Сердика
ДГ №118 Усмивка,150,118,"https://www.google.com/maps/d/viewer?authuser=0&hl=bg&mid=zBJvLL_EO4pE.kkhSC76Er9fk&ll=42.723525,23.332005&spn=0.001868,0.003626&t=h&z=18&iwloc=00044da6be78992bbb50f",5,Сердика
ДГ №149 Зорница,65,149,"https://www.google.com/maps/d/viewer?authuser=0&hl=bg&mid=zBJvLL_EO4pE.kkhSC76Er9fk&ll=42.720967,23.344198&spn=0.001868,0.003626&t=h&z=18&iwloc=00044de07f8171e61c496",5,Сердика
ДГ №149 Зорница - сграда 2,62,149,"https://www.google.com/maps/d/viewer?authuser=0&hl=bg&mid=zBJvLL_EO4pE.kkhSC76Er9fk&msa=0&ll=42.718642,23.347382&spn=0.001188,0.00284&iwloc=00044da45d79a255b95f2",5,Сердика
ДГ №199 Сарагоса (с яслени групи),123,199,"https://www.google.com/maps/d/viewer?authuser=0&hl=bg&mid=zBJvLL_EO4pE.kkhSC76Er9fk&msa=0&ll=42.709695,23.315164&spn=0.001179,0.00283&iwloc=00044da71a8d7d987dbbe",5,Сердика
ДГ №20 Жасминов парк (с яслени групи),48,20,"https://www.google.com/maps/d/viewer?authuser=0&hl=bg&mid=zBJvLL_EO4pE.kkhSC76Er9fk&ll=42.730488,23.250997&spn=0.001868,0.003626&t=h&z=18&iwloc=00044d9426c89cbfbdeaf",6,Подуяне
СДЯ №58 ,246,58,"https://www.google.com/maps/d/viewer?authuser=0&hl=bg&mid=zBJvLL_EO4pE.kkhSC76Er9fk&msa=0&ll=42.709261,23.358393&spn=0.007458,0.012832",6,Подуяне
СДЯ №63 Беборани,247,63,"https://www.google.com/maps/d/viewer?authuser=0&hl=bg&mid=zBJvLL_EO4pE.kkhSC76Er9fk&msa=0&ll=42.705083,23.369637&spn=0.007458,0.012832",6,Подуяне
ДГ №69 Жар птица (с яслени групи),47,69,"https://www.google.com/maps/d/viewer?authuser=0&hl=bg&mid=zBJvLL_EO4pE.kkhSC76Er9fk&ll=42.707897,23.348747&spn=0.001868,0.003626&t=h&z=18&iwloc=00044dba0bb0d55baff72",6,Подуяне
ДГ №74 Дъга (с яслени групи),42,74,"https://www.google.com/maps/d/viewer?authuser=0&hl=bg&mid=zBJvLL_EO4pE.kkhSC76Er9fk&ll=42.700159,23.363172&spn=0.001869,0.003626&t=h&z=18&iwloc=00044dbacbe15432f5cc7",6,Подуяне
ДГ №91 Слънчев кът (с яслени групи),137,91,"https://www.google.com/maps/d/viewer?authuser=0&hl=bg&mid=zBJvLL_EO4pE.kkhSC76Er9fk&ll=42.713621,23.375983&spn=0.001868,0.003626&t=h&z=18&iwloc=00044dcc79b8e41105651",6,Подуяне
"ДГ №91 Слънчев кът - сграда кв. ""Левски-В""",701,91,,6,Подуяне
ДГ №92 Мечта (с яслени групи),91,92,"https://www.google.com/maps/d/viewer?authuser=0&hl=bg&mid=zBJvLL_EO4pE.kkhSC76Er9fk&ll=42.713644,23.386057&spn=0.001868,0.003626&t=h&z=18&iwloc=00044dcc8fedca575c96c",6,Подуяне
ДГ №92 Мечта - сграда Левски В,218,92,"https://www.google.com/maps/d/viewer?authuser=0&hl=bg&mid=zBJvLL_EO4pE.kkhSC76Er9fk&ll=42.709521,23.386974&spn=0.003634,0.006899&t=h&z=17&iwloc=00049036c92ebd38c2262  ",6,Подуяне
ДГ №103 Патиланско царство (с яслени групи),102,103,"https://www.google.com/maps/d/viewer?authuser=0&hl=bg&mid=zBJvLL_EO4pE.kkhSC76Er9fk&ll=42.70975,23.362877&spn=0.003737,0.007253&t=h&z=17&iwloc=00044d9039472a6039e15",6,Подуяне
ДГ №105 Ракета (с яслени групи),118,105,"https://www.google.com/maps/d/viewer?authuser=0&hl=bg&mid=zBJvLL_EO4pE.kkhSC76Er9fk&ll=42.701834,23.370243&spn=0.001869,0.003626&t=h&z=18&iwloc=00044d9081423de617017",6,Подуяне
ДГ №110 Слънчева мечта (с яслени групи),138,110,"https://www.google.com/maps/d/viewer?authuser=0&hl=bg&mid=zBJvLL_EO4pE.kkhSC76Er9fk&ll=42.697624,23.369722&spn=0.001869,0.003626&t=h&z=18&iwloc=00044dcec0edab962fd7e",6,Подуяне
ДГ №110 Слънчева мечта - сграда 2,8,110,"https://www.google.com/maps/d/viewer?authuser=0&hl=bg&mid=zBJvLL_EO4pE.kkhSC76Er9fk&ll=42.698223,23.371552&spn=0.001869,0.003626&t=h&z=18&iwloc=00044de2a34271fd2d446",6,Подуяне
ДГ №148 Слънце,136,148,"https://www.google.com/maps/d/viewer?authuser=0&hl=bg&mid=zBJvLL_EO4pE.kkhSC76Er9fk&ll=42.701409,23.358344&spn=0.001869,0.003626&t=h&z=18&iwloc=00044dcfa0072c959583c",6,Подуяне
ДГ №173 Звънче (с яслени групи),55,173,"https://www.google.com/maps/d/viewer?authuser=0&hl=bg&mid=zBJvLL_EO4pE.kkhSC76Er9fk&ll=42.708023,23.355303&spn=0.001868,0.003626&t=h&z=18&iwloc=00044de2bdfa830027477",6,Подуяне
ДГ №173 Звънче - сграда Алиса,5,173,"https://www.google.com/maps/d/viewer?authuser=0&hl=bg&mid=zBJvLL_EO4pE.kkhSC76Er9fk&ll=42.704815,23.345298&spn=0.001869,0.003626&t=h&z=18&iwloc=00044dbc67e1a8c686f4e",6,Подуяне
СДЯ №12 Бебеландия,248,12,"https://www.google.com/maps/d/viewer?authuser=0&hl=bg&mid=zBJvLL_EO4pE.kkhSC76Er9fk&msa=0&ll=42.690748,23.357567&spn=0.004787,0.011362&iwloc=0004abdbedb8b9c83672c",7,Слатина
СДЯ №56 Калина,249,56,"https://www.google.com/maps/d/viewer?authuser=0&hl=bg&mid=zBJvLL_EO4pE.kkhSC76Er9fk&msa=0&ll=42.681315,23.360817&spn=0.007461,0.012832",7,Слатина
СДЯ №57 Приказка,250,57,"https://www.google.com/maps/d/viewer?authuser=0&hl=bg&mid=zBJvLL_EO4pE.kkhSC76Er9fk&msa=0&ll=42.687719,23.357749&spn=0.00746,0.012832",7,Слатина
ДГ №61 Шарено петле (с яслени групи),160,61,"https://www.google.com/maps/d/viewer?authuser=0&hl=bg&mid=zBJvLL_EO4pE.kkhSC76Er9fk&ll=42.682222,23.376878&spn=0.001869,0.003626&t=h&z=18&iwloc=00044db86339e715946f6",7,Слатина
ДГ №62 Зорница,67,62,"https://www.google.com/maps/d/viewer?authuser=0&hl=bg&mid=zBJvLL_EO4pE.kkhSC76Er9fk&ll=42.692321,23.380113&spn=0.001869,0.003626&t=h&z=18&iwloc=00044db878e1fe753d99b",7,Слатина
ДГ №65 Слънчево детство (с яслени групи),139,65,"https://www.google.com/maps/d/viewer?authuser=0&hl=bg&mid=zBJvLL_EO4pE.kkhSC76Er9fk&ll=42.685192,23.373322&spn=0.001869,0.003626&t=h&z=18&iwloc=00044db92b7f034901855",7,Слатина
ДГ №65 Слънчево детство - сграда 2,525,65,"https://www.google.com/maps/d/viewer?authuser=0&hl=bg&mid=zBJvLL_EO4pE.kkhSC76Er9fk&ll=42.685192,23.373322&spn=0.001869,0.003626&t=h&z=18&iwloc=00044db92b7f034901855",7,Слатина
"ДГ №65 Слънчево детство - сграда 2, почасова организация",526,65,"https://www.google.com/maps/d/viewer?authuser=0&hl=bg&mid=zBJvLL_EO4pE.kkhSC76Er9fk&ll=42.685192,23.373322&spn=0.001869,0.003626&t=h&z=18&iwloc=00044db92b7f034901855",7,Слатина
ДГ №65 Слънчево детство - почасова организация,321,65,"https://www.google.com/maps/d/viewer?authuser=0&hl=bg&mid=zBJvLL_EO4pE.kkhSC76Er9fk&ll=42.685192,23.373322&spn=0.001869,0.003626&t=h&z=18&iwloc=00044db92b7f034901855",7,Слатина
ДГ №154 Сбъдната мечта,124,154,"https://www.google.com/maps/d/viewer?authuser=0&hl=bg&mid=zBJvLL_EO4pE.kkhSC76Er9fk&ll=42.686166,23.371117&spn=0.003738,0.007253&t=h&z=17&iwloc=00044da76c937940b4514",7,Слатина
ДГ №155 Веселина,20,155,"https://www.google.com/maps/d/viewer?authuser=0&hl=bg&mid=zBJvLL_EO4pE.kkhSC76Er9fk&msa=0&ll=42.689616,23.361531&spn=0.002393,0.005681&iwloc=00044da7e23cb4d8f7172",7,Слатина
ДГ №155 Веселина - сграда 2,201,155,"https://www.google.com/maps/d/viewer?authuser=0&hl=bg&mid=zBJvLL_EO4pE.kkhSC76Er9fk&ll=42.695148,23.351912&spn=0.00727,0.013797&t=h&z=16&iwloc=00049037382dd5419500b  ",7,Слатина
ДГ №168 Слънчогледи,142,168,"https://www.google.com/maps/d/viewer?authuser=0&hl=bg&mid=zBJvLL_EO4pE.kkhSC76Er9fk&ll=42.681939,23.361831&spn=0.001869,0.003626&t=h&z=18&iwloc=00044de25c0063c72ee73",7,Слатина
ДГ №183 Щастливо детство,165,183,"https://www.google.com/maps/d/viewer?authuser=0&hl=bg&mid=zBJvLL_EO4pE.kkhSC76Er9fk&ll=42.677987,23.361515&spn=0.001869,0.003626&t=h&z=18&iwloc=00044de3b5bd871680d6a",7,Слатина
ДГ №184 Мечо Пух (с яслени групи),90,184,"https://www.google.com/maps/d/viewer?authuser=0&hl=bg&mid=zBJvLL_EO4pE.kkhSC76Er9fk&ll=42.683504,23.357272&spn=0.001869,0.003626&t=h&z=18&iwloc=00044db981618a30434ce",7,Слатина
ДГ №23 Здраве (с яслени групи),56,23,"https://www.google.com/maps/d/viewer?authuser=0&hl=bg&mid=zBJvLL_EO4pE.kkhSC76Er9fk&msa=0&ll=42.676157,23.356161&spn=0.004756,0.011362&iwloc=0004da8aa43e1cc672b27",8,Изгрев
ДГ №29 Слънце (с яслени групи),134,29,"https://www.google.com/maps/d/viewer?authuser=0&hl=bg&mid=zBJvLL_EO4pE.kkhSC76Er9fk&ll=42.670947,23.359964&spn=0.00187,0.003626&t=h&z=18&iwloc=00044da4155f74aea1df1",8,Изгрев
ДГ №30 Радецки (с яслени групи),116,30,"https://www.google.com/maps/d/viewer?authuser=0&hl=bg&mid=zBJvLL_EO4pE.kkhSC76Er9fk&ll=42.661815,23.345314&spn=0.00187,0.003626&t=h&z=18&iwloc=00044da43ce366e0ec4c2",8,Изгрев
ДГ №34 Брезичка (с яслени групи),12,34,"https://www.google.com/maps/d/viewer?authuser=0&hl=bg&mid=zBJvLL_EO4pE.kkhSC76Er9fk&ll=42.663212,23.35092&spn=0.00187,0.003626&t=h&z=18&iwloc=00044da4c7c2a4ad33c4f",8,Изгрев
СДЯ №36 Слънчево зайче,251,36,"https://www.google.com/maps/d/viewer?authuser=0&hl=bg&mid=zBJvLL_EO4pE.kkhSC76Er9fk&msa=0&ll=42.670951,23.36115&spn=0.003731,0.006416",8,Изгрев
ДГ №49 Радост (с яслени групи),117,49,"https://www.google.com/maps/d/viewer?authuser=0&hl=bg&mid=zBJvLL_EO4pE.kkhSC76Er9fk&ll=42.665393,23.35187&spn=0.00187,0.003626&t=h&z=18&iwloc=00044da6ddd4bc43b81df",8,Изгрев
ДГ №133 Зорница,64,133,"https://www.google.com/maps/d/viewer?authuser=0&hl=bg&mid=zBJvLL_EO4pE.kkhSC76Er9fk&ll=42.67019,23.360281&spn=0.00187,0.003626&t=h&z=18&iwloc=00044dd0ec08fbf6890e8",8,Изгрев
ДГ №165 Латинка,79,165,"https://www.google.com/maps/d/viewer?authuser=0&hl=bg&mid=zBJvLL_EO4pE.kkhSC76Er9fk&ll=42.673759,23.353881&spn=0.001869,0.003626&t=h&z=18&iwloc=00044de1b645ab8275585",8,Изгрев
ДГ №19 Света София,125,19,"https://www.google.com/maps/d/viewer?authuser=0&hl=bg&mid=zBJvLL_EO4pE.kkhSC76Er9fk&ll=42.68309,23.331796&spn=0.001869,0.003626&t=h&z=18&iwloc=00044d93ff521ac3882b2",9,Лозенец
СДЯ №23 Ралица,252,23,"https://www.google.com/maps/d/viewer?authuser=0&hl=bg&mid=zBJvLL_EO4pE.kkhSC76Er9fk&msa=0&ll=42.684092,23.324339&spn=0.007461,0.012832",9,Лозенец
СДЯ №45 Майор Франк Томпсън,253,45,"https://www.google.com/maps/d/viewer?authuser=0&hl=bg&mid=zBJvLL_EO4pE.kkhSC76Er9fk&msa=0&ll=42.67062,23.325284&spn=0.007463,0.012832",9,Лозенец
СДЯ №46 Мики Маус,254,46,"https://www.google.com/maps/d/viewer?authuser=0&hl=bg&mid=zBJvLL_EO4pE.kkhSC76Er9fk&msa=0&ll=42.677916,23.331045&spn=0.003731,0.006416",9,Лозенец
ДГ №111 Корабче,181,111,"https://www.google.com/maps/d/viewer?authuser=0&hl=bg&mid=zBJvLL_EO4pE.kkhSC76Er9fk&msa=0&ll=42.672043,23.328331&spn=0.002378,0.005681&iwloc=lyrftr:msid:215514434165803826755.00044d55fe12e68875c38,00044d92452ae0aa4d3f8,,,0,-31",9,Лозенец
ДГ №141 Славейкова поляна,130,141,"https://www.google.com/maps/d/viewer?authuser=0&hl=bg&mid=zBJvLL_EO4pE.kkhSC76Er9fk&ll=42.67637,23.329071&spn=0.001869,0.003626&t=h&z=18&iwloc=00044de0086f2ba6dfe48",9,Лозенец
ДГ №141 Славейкова поляна - сграда 2,170,141,"https://www.google.com/maps/d/viewer?authuser=0&hl=bg&mid=zBJvLL_EO4pE.kkhSC76Er9fk&ll=42.67807,23.32575&spn=0.001869,0.003626&t=h&z=18&iwloc=00044da8263681e92ed6f",9,Лозенец
ДГ №166 Веселушка,21,166,"https://www.google.com/maps/d/viewer?authuser=0&hl=bg&mid=zBJvLL_EO4pE.kkhSC76Er9fk&ll=42.673069,23.317848&spn=0.00187,0.003626&t=h&z=18&iwloc=00044de22433371ae6598",9,Лозенец
ДГ №174 Фют,153,174,"https://www.google.com/maps/d/viewer?authuser=0&hl=bg&mid=zBJvLL_EO4pE.kkhSC76Er9fk&ll=42.666691,23.321475&spn=0.00187,0.003626&t=h&z=18&iwloc=00044de2ce50f792a5c48",9,Лозенец
ДГ №175 Слънчеви лъчи (с яслени групи),298,175,"https://www.google.com/maps/d/viewer?authuser=0&hl=bg&mid=zBJvLL_EO4pE.kkhSC76Er9fk&msa=0&ll=42.655519,23.333802&spn=0.0049,0.011362",9,Лозенец
ДГ №175 Слънчеви лъчи - сграда 2,688,175,,9,Лозенец
ДГ №192 Лозичка,82,192,"https://www.google.com/maps/d/viewer?authuser=0&hl=bg&mid=zBJvLL_EO4pE.kkhSC76Er9fk&ll=42.681544,23.324119&spn=0.001869,0.003626&t=h&z=18&iwloc=00044dcca661012b43f3e",9,Лозенец
ДГ №193 Славейче,132,193,"https://www.google.com/maps/d/viewer?authuser=0&hl=bg&mid=zBJvLL_EO4pE.kkhSC76Er9fk&ll=42.668722,23.316277&spn=0.00187,0.003626&t=h&z=18&iwloc=00044dccc5c646c5dde5a",9,Лозенец
ДГ №2 Звънче (с яслени групи),54,2,"https://www.google.com/maps/d/viewer?authuser=0&hl=bg&mid=zBJvLL_EO4pE.kkhSC76Er9fk&ll=42.669831,23.296793&spn=0.00187,0.003626&t=h&z=18&iwloc=00044d900f13845958459",10,Триадица
ДГ №7 Детелина (с яслени групи),29,7,"https://www.google.com/maps/d/viewer?authuser=0&hl=bg&mid=zBJvLL_EO4pE.kkhSC76Er9fk&ll=42.662391,23.299052&spn=0.00187,0.003626&t=h&z=18&iwloc=00044d91146130e33c98a",10,Триадица
СДЯ №21 Бон-Бон,255,21,"https://www.google.com/maps/d/viewer?authuser=0&hl=bg&mid=zBJvLL_EO4pE.kkhSC76Er9fk&msa=0&ll=42.676078,23.304931&spn=0.004788,0.011362&iwloc=0004abdc3baa31c8f0772",10,Триадица
СДЯ №35 Вълшебство,256,35,"https://www.google.com/maps/d/viewer?authuser=0&hl=bg&mid=zBJvLL_EO4pE.kkhSC76Er9fk&msa=0&ll=42.671976,23.303879&spn=0.003731,0.006416",10,Триадица
ДГ №40 Проф. Г. Ангушев,27,40,"https://www.google.com/maps/d/viewer?authuser=0&hl=bg&mid=zBJvLL_EO4pE.kkhSC76Er9fk&ll=42.66733,23.297035&spn=0.003739,0.007253&t=h&z=17&iwloc=00044da57beeb6ac94202",10,Триадица
ДГ №40 Проф. Г. Ангушев - почасова организация,315,40,"https://www.google.com/maps/d/viewer?authuser=0&hl=bg&mid=zBJvLL_EO4pE.kkhSC76Er9fk&ll=42.66733,23.297035&spn=0.003739,0.007253&t=h&z=17&iwloc=00044da57beeb6ac94202",10,Триадица
ДГ №40 Проф. Г. Ангушев - сграда 2,691,40,,10,Триадица
ДГ №43 Талант (с яслени групи),148,43,"https://www.google.com/maps/d/viewer?authuser=0&hl=bg&mid=zBJvLL_EO4pE.kkhSC76Er9fk&ll=42.665669,23.295254&spn=0.00187,0.003626&t=h&z=18&iwloc=00044da63a2ec163d2caf",10,Триадица
ДГ №87 Буката,14,87,"https://www.google.com/maps/d/viewer?authuser=0&hl=bg&mid=zBJvLL_EO4pE.kkhSC76Er9fk&ll=42.687053,23.313031&spn=0.001869,0.003626&t=h&z=18&iwloc=00044dbd349a347c95513",10,Триадица
ДГ №87 Буката - сграда 2,271,87,"https://www.google.com/maps/d/viewer?authuser=0&hl=bg&mid=zBJvLL_EO4pE.kkhSC76Er9fk&msa=0&ll=42.691331,23.314694&spn=0.004684,0.011319&iwloc=0004de3fd9ba872343d0c",10,Триадица
ДГ №87 Буката - почасова организация,329,87,"https://www.google.com/maps/d/viewer?authuser=0&hl=bg&mid=zBJvLL_EO4pE.kkhSC76Er9fk&ll=42.687053,23.313031&spn=0.001869,0.003626&t=h&z=18&iwloc=00044dbd349a347c95513",10,Триадица
ДГ №127 Слънце (с яслени групи),60,127,"https://www.google.com/maps/d/viewer?authuser=0&hl=bg&mid=zBJvLL_EO4pE.kkhSC76Er9fk&ll=42.676173,23.300103&spn=0.003739,0.006909&t=h&z=17&iwloc=00044dd027fbed8839ca4",10,Триадица
ДГ №127 Слънце - сграда бл. 93 А,278,127,"https://www.google.com/maps/d/viewer?authuser=0&hl=bg&mid=zBJvLL_EO4pE.kkhSC76Er9fk&msa=0&ll=42.674848,23.298204&spn=0.002359,0.005659&iwloc=0004dedd00ab8325d69a0",10,Триадица
ДГ №127 Слънце - сграда ж.к. Стрелбище,232,127,"https://www.google.com/maps/d/viewer?authuser=0&hl=bg&mid=zBJvLL_EO4pE.kkhSC76Er9fk&ll=42.674753,23.300328&spn=0.003636,0.006899&t=h&z=17&iwloc=00049049da753b3968b8a  ",10,Триадица
ДГ №127 Слънце - сграда бл.91,222,127,"https://www.google.com/maps/d/viewer?authuser=0&hl=bg&mid=zBJvLL_EO4pE.kkhSC76Er9fk&msa=0&ll=42.675084,23.299609&spn=0.002343,0.005659&iwloc=0004dedcf34f8bf5a3c4c",10,Триадица
ДГ №129 Приказен свят,107,129,"https://www.google.com/maps/d/viewer?authuser=0&hl=bg&mid=zBJvLL_EO4pE.kkhSC76Er9fk&ll=42.672229,23.302994&spn=0.00187,0.003626&t=h&z=18&iwloc=00044dd0b41176e255919",10,Триадица
ДГ №129 Приказен свят - сграда ул. Нишава,214,129,"https://www.google.com/maps/d/viewer?authuser=0&hl=bg&mid=zBJvLL_EO4pE.kkhSC76Er9fk&ll=42.680905,23.291144&spn=0.003636,0.006899&t=h&z=17&iwloc=00049036e10b1a27dc771  ",10,Триадица
ДГ №129 Приказен свят - почасова организация,345,129,"https://www.google.com/maps/d/viewer?authuser=0&hl=bg&mid=zBJvLL_EO4pE.kkhSC76Er9fk&ll=42.672229,23.302994&spn=0.00187,0.003626&t=h&z=18&iwloc=00044dd0b41176e255919",10,Триадица
"ДГ №129 Приказен свят - сграда ул. Нишава, почасова организация",346,129,,10,Триадица
ДГ №131  (с яслени групи),702,131,,10,Триадица
ДГ №167 Малкият принц,87,167,"https://www.google.com/maps/d/viewer?authuser=0&hl=bg&mid=zBJvLL_EO4pE.kkhSC76Er9fk&ll=42.680401,23.308804&spn=0.001869,0.003626&t=h&z=18&iwloc=00044de242cbe42692ad1",10,Триадица
ДГ №167 Малкият принц - почасова организация,354,167,"https://www.google.com/maps/d/viewer?authuser=0&hl=bg&mid=zBJvLL_EO4pE.kkhSC76Er9fk&ll=42.680401,23.308804&spn=0.001869,0.003626&t=h&z=18&iwloc=00044de242cbe42692ad1",10,Триадица
СДЯ №48 ,257,48,"https://www.google.com/maps/d/viewer?authuser=0&hl=bg&mid=zBJvLL_EO4pE.kkhSC76Er9fk&msa=0&ll=42.702402,23.285458&spn=0.007459,0.012832  ",11,Красна поляна
СДЯ №51 ,258,51,"https://www.google.com/maps/d/viewer?authuser=0&hl=bg&mid=zBJvLL_EO4pE.kkhSC76Er9fk&msa=0&ll=42.699485,23.282218&spn=0.00373,0.006416  ",11,Красна поляна
ДГ №54 Дъга (с яслени групи),41,54,"https://www.google.com/maps/d/viewer?authuser=0&hl=bg&mid=zBJvLL_EO4pE.kkhSC76Er9fk&ll=42.692278,23.28445&spn=0.003738,0.007253&t=h&z=17&iwloc=00044da7a8fb3e614d83c",11,Красна поляна
ДГ №126 Тинтява,149,126,"https://www.google.com/maps/d/viewer?authuser=0&hl=bg&mid=zBJvLL_EO4pE.kkhSC76Er9fk&ll=42.695089,23.282213&spn=0.001869,0.003626&t=h&z=18&iwloc=00044ddff5da6ad6ce66b",11,Красна поляна
ДГ №126 Тинтява - сграда 2,9,126,"https://www.google.com/maps/d/viewer?authuser=0&hl=bg&mid=zBJvLL_EO4pE.kkhSC76Er9fk&ll=42.69831,23.280834&spn=0.001869,0.003626&t=h&z=18&iwloc=00044de3cc6ccd47ef526",11,Красна поляна
ДГ №128 Феникс,152,128,"https://www.google.com/maps/d/viewer?authuser=0&hl=bg&mid=zBJvLL_EO4pE.kkhSC76Er9fk&ll=42.703514,23.277814&spn=0.001869,0.003626&t=h&z=18&iwloc=00044dd06d67435cd9efa",11,Красна поляна
ДГ №128 Феникс - сграда 2 (с яслени групи),295,128,"https://www.google.com/maps/d/viewer?authuser=0&hl=bg&mid=zBJvLL_EO4pE.kkhSC76Er9fk&ll=42.703514,23.277814&spn=0.001869,0.003626&t=h&z=18&iwloc=00044dd06d67435cd9efa",11,Красна поляна
ДГ №130 Приказка,108,130,"https://www.google.com/maps/d/viewer?authuser=0&hl=bg&mid=zBJvLL_EO4pE.kkhSC76Er9fk&ll=42.704215,23.280641&spn=0.003737,0.006909&z=17",11,Красна поляна
ДГ №169 Коледарче,77,169,"https://www.google.com/maps/d/viewer?authuser=0&hl=bg&mid=zBJvLL_EO4pE.kkhSC76Er9fk&msa=0&ll=42.69952,23.290967&spn=0.002393,0.005681",11,Красна поляна
ДГ №187 Жар птица (с яслени групи),46,187,"https://www.google.com/maps/d/viewer?authuser=0&hl=bg&mid=zBJvLL_EO4pE.kkhSC76Er9fk&ll=42.695408,23.280212&spn=0.001869,0.003626&t=h&z=18&iwloc=00044da5f66579c63540b",11,Красна поляна
ДГ №196 Шарл Перо,162,196,"https://www.google.com/maps/d/viewer?authuser=0&hl=bg&mid=zBJvLL_EO4pE.kkhSC76Er9fk&ll=42.699808,23.284407&spn=0.001869,0.003626&t=h&z=18&iwloc=00044d90ad49b03dc07c7",11,Красна поляна
ДГ №51 Щурче (с яслени групи),166,51,"https://www.google.com/maps/d/viewer?authuser=0&hl=bg&mid=zBJvLL_EO4pE.kkhSC76Er9fk&ll=42.709687,23.315231&spn=0.001868,0.003626&t=h&z=18&iwloc=00044da71a8d7d987dbbe",12,Илинден
ДГ №52 Илинденче - сграда ул. Кукуш № 1 (с яслени групи),237,52,"https://www.google.com/maps/d/viewer?authuser=0&hl=bg&mid=zBJvLL_EO4pE.kkhSC76Er9fk&msa=0&ll=42.717129,23.285415&spn=0.009506,0.022724&iwloc=0004ddb3f60bb74015242",12,Илинден
ДГ №153 Света Троица,126,153,"https://www.google.com/maps/d/viewer?authuser=0&hl=bg&mid=zBJvLL_EO4pE.kkhSC76Er9fk&ll=42.705154,23.298075&spn=0.003737,0.007253&t=h&z=17&iwloc=00044da72a6024edc42ac",12,Илинден
ДГ №158 Зора (с яслени групи),61,158,"https://www.google.com/maps/d/viewer?authuser=0&hl=bg&mid=zBJvLL_EO4pE.kkhSC76Er9fk&ll=42.716596,23.291236&spn=0.001868,0.003626&t=h&z=18&iwloc=00044d945c859d466b42c",12,Илинден
"ДГ №158 Зора - сграда ул. Илия Кушев, бл. 118",686,158,,12,Илинден
"ДГ №158 Зора - сграда ул. Цар Симеон, бл. 313",685,158,,12,Илинден
ДГ №179 Синчец (с яслени групи),129,179,"https://www.google.com/maps/d/viewer?authuser=0&hl=bg&mid=zBJvLL_EO4pE.kkhSC76Er9fk&ll=42.716447,23.286172&spn=0.001868,0.003626&t=h&z=18&iwloc=00044dbbb3ecf11c962c8",12,Илинден
ДГ №6 Вълшебен свят (с яслени групи),175,6,"https://www.google.com/maps/d/viewer?authuser=0&hl=bg&mid=zBJvLL_EO4pE.kkhSC76Er9fk&ll=42.726035,23.30889&spn=0.001868,0.003626&t=h&z=18&iwloc=00044d90d3fdd9d6e643f",13,Надежда
ДГ №15 Чучулига (с яслени групи),158,15,"https://www.google.com/maps/d/viewer?authuser=0&hl=bg&mid=zBJvLL_EO4pE.kkhSC76Er9fk&ll=42.736682,23.309206&spn=0.001868,0.003626&t=h&z=18&iwloc=00044d9374ae1e9f0fa0d",13,Надежда
ДГ №24 Надежда (с яслени групи),95,24,"https://www.google.com/maps/d/viewer?authuser=0&hl=bg&mid=zBJvLL_EO4pE.kkhSC76Er9fk&msa=0&ll=42.731402,23.292367&spn=0.004784,0.011362&iwloc=00044d94c00e171acdcee",13,Надежда
ДГ №27 Детска китка - сграда ул. Иван Кулин,293,27,"https://www.google.com/maps/d/viewer?authuser=0&hl=bg&mid=zBJvLL_EO4pE.kkhSC76Er9fk&msa=0&ll=42.725058,23.303032&spn=0.004753,0.011362&iwloc=0004dd5e74aca4627c4ef",13,Надежда
ДГ №38 Дора Габе (с яслени групи),40,38,"https://www.google.com/maps/d/viewer?authuser=0&hl=bg&mid=zBJvLL_EO4pE.kkhSC76Er9fk&ll=42.73219,23.30382&spn=0.001868,0.003626&t=h&z=18&iwloc=00044da52a4271b23721d",13,Надежда
ДГ №83 Славейче (с яслени групи),131,83,"https://www.google.com/maps/d/viewer?authuser=0&hl=bg&mid=zBJvLL_EO4pE.kkhSC76Er9fk&ll=42.753445,23.317215&spn=0.001867,0.003626&t=h&z=18&iwloc=00044dbc97273401aa0e2",13,Надежда
ДГ №83 Славейче - сграда Требич,202,83,"https://www.google.com/maps/d/viewer?authuser=0&hl=bg&mid=zBJvLL_EO4pE.kkhSC76Er9fk&ll=42.775283,23.313707&spn=0.00363,0.006899&t=h&z=17  ",13,Надежда
ДГ №90 Веса Паспалеева (с яслени групи),19,90,"https://www.google.com/maps/d/viewer?authuser=0&hl=bg&mid=zBJvLL_EO4pE.kkhSC76Er9fk&ll=42.735319,23.303198&spn=0.001868,0.003626&t=h&z=18&iwloc=00044dcc5bfbe0b5f857d",13,Надежда
ДГ №115 Осми март (с яслени групи),99,115,"https://www.google.com/maps/d/viewer?authuser=0&hl=bg&mid=zBJvLL_EO4pE.kkhSC76Er9fk&ll=42.724853,23.306701&spn=0.001868,0.003626&t=h&z=18&iwloc=00044dcf5f2e3b9a79c29",13,Надежда
ДГ №115 Осми март - сграда Връбница,24,115,"https://www.google.com/maps/d/viewer?authuser=0&hl=bg&mid=zBJvLL_EO4pE.kkhSC76Er9fk&ll=42.731548,23.299727&spn=0.001868,0.003626&t=h&z=18&iwloc=00044de0f86e742bf78f8",13,Надежда
ДГ №115 Осми март - сграда ул. 8-ми март 15,259,115,"https://www.google.com/maps/d/viewer?authuser=0&hl=bg&mid=zBJvLL_EO4pE.kkhSC76Er9fk&msa=0&ll=42.729598,23.304899&spn=0.003728,0.006416  ",13,Надежда
ДГ №137 Калина Малина - сграда ул. Александър Михов 25,261,137,"https://www.google.com/maps/d/viewer?authuser=0&hl=bg&mid=zBJvLL_EO4pE.kkhSC76Er9fk&msa=0&ll=42.728542,23.316593&spn=0.007456,0.012832  ",13,Надежда
ДГ №170 Пчелица,113,170,"https://www.google.com/maps/d/viewer?authuser=0&hl=bg&mid=zBJvLL_EO4pE.kkhSC76Er9fk&ll=42.730953,23.295822&spn=0.001868,0.003626&t=h&z=18&iwloc=00044de2700c5a93c3b7f",13,Надежда
ДГ №170 Пчелица - сграда 2,239,170,https://www.google.com/maps/d/viewer?hl=bg&mid=16SSNdcKE-i_XeQ2mlaYxnZeXeTY&ll=42.72725234966915%2C23.2959921399422&z=19,13,Надежда
ДГ №171 Свобода (с яслени групи),128,171,"https://www.google.com/maps/d/viewer?authuser=0&hl=bg&mid=zBJvLL_EO4pE.kkhSC76Er9fk&ll=42.738258,23.304384&spn=0.001868,0.003626&t=h&z=18&iwloc=00044de28ffbc113d3a84",13,Надежда
ДГ №172 София (с яслени групи),304,172,"https://www.google.com/maps/d/viewer?authuser=0&hl=bg&mid=zBJvLL_EO4pE.kkhSC76Er9fk&ll=42.72593,23.29734&spn=0.00187,0.003626&t=h&z=18&iwloc=00044d91146130e33c98a",13,Надежда
ДГ №13 Калинка (с яслени групи),73,13,"https://www.google.com/maps/d/viewer?authuser=0&hl=bg&mid=zBJvLL_EO4pE.kkhSC76Er9fk&msa=0&ll=42.670379,23.388503&spn=0.002378,0.005681&iwloc=00044d9285e68b55cd4c4",14,Искър
ДГ №21 Ежко Бежко,236,21,"https://www.google.com/maps/d/viewer?authuser=0&hl=bg&mid=zBJvLL_EO4pE.kkhSC76Er9fk&msa=0&ll=42.674217,23.429793&spn=0.002394,0.005681&iwloc=000490367d43a1f2eb350",14,Искър
ДГ №21 Ежко Бежко - сграда 2 (с яслени групи),6,21,"https://www.google.com/maps/d/viewer?authuser=0&hl=bg&mid=zBJvLL_EO4pE.kkhSC76Er9fk&ll=42.668186,23.399699&spn=0.00187,0.003626&t=h&z=18&iwloc=00044e1e9af544d173647",14,Искър
ДГ №36 Пеперуда (с яслени групи),103,36,"https://www.google.com/maps/d/viewer?authuser=0&hl=bg&mid=zBJvLL_EO4pE.kkhSC76Er9fk&ll=42.667141,23.395616&spn=0.00187,0.003626&t=h&z=18&iwloc=00044da4f14fe10efe6bd",14,Искър
ДГ №88 Детски рай (с яслени групи),35,88,"https://www.google.com/maps/d/viewer?authuser=0&hl=bg&mid=zBJvLL_EO4pE.kkhSC76Er9fk&ll=42.64283,23.411559&spn=0.00187,0.003626&t=h&z=18&iwloc=00044dbd4f0002eb44055",14,Искър
ДГ №96 Росна китка (с яслени групи),121,96,"https://www.google.com/maps/d/viewer?authuser=0&hl=bg&mid=zBJvLL_EO4pE.kkhSC76Er9fk&ll=42.663433,23.393996&spn=0.00187,0.003626&t=h&z=18&iwloc=00044dcd43e9e8343abaf",14,Искър
ДГ №108 Детско царство (с яслени групи),38,108,"https://www.google.com/maps/d/viewer?authuser=0&hl=bg&mid=zBJvLL_EO4pE.kkhSC76Er9fk&ll=42.664628,23.396335&spn=0.00187,0.003626&t=h&z=18&iwloc=00044dce9fd1f0ea7e493",14,Искър
ДГ №108 Детско царство - сграда до бл. 42,200,108,"https://www.google.com/maps/d/viewer?authuser=0&hl=bg&mid=zBJvLL_EO4pE.kkhSC76Er9fk&ll=42.666651,23.398079&spn=0.003637,0.006899&t=h&z=17&iwloc=000490497fd5aac4a399c  ",14,Искър
ДГ №144 Ханс Кристиан Андерсен (с яслени групи),154,144,"https://www.google.com/maps/d/viewer?authuser=0&hl=bg&mid=zBJvLL_EO4pE.kkhSC76Er9fk&msa=0&ll=42.651763,23.398443&spn=0.002379,0.005681&iwloc=00044dbb42cd070e36a6b",14,Искър
ДГ №185 Звездичка (с яслени групи),53,185,"https://www.google.com/maps/d/viewer?authuser=0&hl=bg&mid=zBJvLL_EO4pE.kkhSC76Er9fk&ll=42.652481,23.399811&spn=0.00187,0.003626&t=h&z=18&iwloc=00044dbccb018caeb7223",14,Искър
ДГ №185 Звездичка - сграда Врана,23,185,"https://www.google.com/maps/d/viewer?authuser=0&hl=bg&mid=zBJvLL_EO4pE.kkhSC76Er9fk&ll=42.637021,23.422278&spn=0.001871,0.003626&t=h&z=18&iwloc=00044db9dcdc2a48b5b34",14,Искър
ДГ №11 Мики Маус (с яслени групи),92,11,"https://www.google.com/maps/d/viewer?authuser=0&hl=bg&mid=zBJvLL_EO4pE.kkhSC76Er9fk&msa=0&ll=42.659125,23.373665&spn=0.002379,0.005681&iwloc=lyrftr:msid:215514434165803826755.00044d55fe12e68875c38,00044d923a478627c1bef,,,0,-31",15,Младост
ДГ №11 Мики Маус - почасова организация,310,11,"https://www.google.com/maps/d/viewer?authuser=0&hl=bg&mid=zBJvLL_EO4pE.kkhSC76Er9fk&msa=0&ll=42.659125,23.373665&spn=0.002379,0.005681&iwloc=lyrftr:msid:215514434165803826755.00044d55fe12e68875c38,00044d923a478627c1bef,,,0,-31",15,Младост
ДГ №14 Карлсон (с яслени групи),74,14,"https://www.google.com/maps/d/viewer?authuser=0&hl=bg&mid=zBJvLL_EO4pE.kkhSC76Er9fk&ll=42.640289,23.370522&spn=0.00187,0.003626&t=h&z=18&iwloc=00044d932db7ed0cc59c9",15,Младост
ДГ №17 Мечо Пух (с яслени групи),89,17,"https://www.google.com/maps/d/viewer?authuser=0&hl=bg&mid=zBJvLL_EO4pE.kkhSC76Er9fk&ll=42.655417,23.379888&spn=0.00187,0.003626&t=h&z=18&iwloc=00044d93cc05640f03a3a",15,Младост
ДГ №26 Калина (с яслени групи),198,26,"https://www.google.com/maps/d/viewer?authuser=0&hl=bg&mid=zBJvLL_EO4pE.kkhSC76Er9fk&ll=42.657776,23.376417&spn=0.007953,0.013819&z=16",15,Младост
ДГ №28 Ян Бибиян (с яслени групи),169,28,"https://www.google.com/maps/d/viewer?authuser=0&hl=bg&mid=zBJvLL_EO4pE.kkhSC76Er9fk&ll=42.646417,23.373199&spn=0.00187,0.003626&t=h&z=18&iwloc=00044da3f9e74e19479da",15,Младост
ДГ №56 Здравец (с яслени групи),58,56,"https://www.google.com/maps/d/viewer?authuser=0&hl=bg&mid=zBJvLL_EO4pE.kkhSC76Er9fk&ll=42.639018,23.377093&spn=0.001871,0.003626&t=h&z=18&iwloc=00044da80b3091cec72d2",15,Младост
ДГ №59 Елхица (с яслени групи),45,59,"https://www.google.com/maps/d/viewer?authuser=0&hl=bg&mid=zBJvLL_EO4pE.kkhSC76Er9fk&ll=42.639263,23.377994&spn=0.003741,0.007253&t=h&z=17&iwloc=00044db7dcc5c32daaf9c",15,Младост
ДГ №70 Пролет (с яслени групи),111,70,"https://www.google.com/maps/d/viewer?authuser=0&hl=bg&mid=zBJvLL_EO4pE.kkhSC76Er9fk&ll=42.643055,23.3772&spn=0.00187,0.003626&t=h&z=18&iwloc=00044dba56c5cbd089ba9",15,Младост
ДГ №71 Щастие (с яслени групи),98,71,"https://www.google.com/maps/d/viewer?authuser=0&hl=bg&mid=zBJvLL_EO4pE.kkhSC76Er9fk&ll=42.660805,23.375811&spn=0.00187,0.003626&t=h&z=18&iwloc=00044dba700fae51ee2e8",15,Младост
ДГ №75 Сърчице (с яслени групи),112,75,"https://www.google.com/maps/d/viewer?authuser=0&hl=bg&mid=zBJvLL_EO4pE.kkhSC76Er9fk&ll=42.650102,23.384002&spn=0.00187,0.003626&t=h&z=18&iwloc=00044dbb0bdd4330c7f9d",15,Младост
ДГ №75 Сърчице - почасова организация,324,75,"https://www.google.com/maps/d/viewer?authuser=0&hl=bg&mid=zBJvLL_EO4pE.kkhSC76Er9fk&ll=42.650102,23.384002&spn=0.00187,0.003626&t=h&z=18&iwloc=00044dbb0bdd4330c7f9d",15,Младост
ДГ №76 Сърничка (с яслени групи),145,76,"https://www.google.com/maps/d/viewer?authuser=0&hl=bg&mid=zBJvLL_EO4pE.kkhSC76Er9fk&ll=42.629061,23.379346&spn=0.001871,0.003626&t=h&z=18&iwloc=00044dbb344568612d953",15,Младост
ДГ №76 Сърничка - сграда 2,472,76,,15,Младост
ДГ №98 Слънчево зайче (с яслени групи),207,98,"https://www.google.com/maps/d/viewer?authuser=0&hl=bg&mid=zBJvLL_EO4pE.kkhSC76Er9fk&ll=42.645789,23.369626&spn=0.003606,0.006899&t=h&z=17",15,Младост
ДГ №109 Зорница (с яслени групи),63,109,"https://www.google.com/maps/d/viewer?authuser=0&hl=bg&mid=zBJvLL_EO4pE.kkhSC76Er9fk&ll=42.6517,23.369862&spn=0.00187,0.003626&t=h&z=18&iwloc=00044d91de61f7300c61c",15,Младост
ДГ №117 Надежда (с яслени групи),96,117,"https://www.google.com/maps/d/viewer?authuser=0&hl=bg&mid=zBJvLL_EO4pE.kkhSC76Er9fk&ll=42.663362,23.37249&spn=0.00187,0.003626&t=h&z=18&iwloc=00044d93bd4ffc700ed5c",15,Младост
ДГ №123 Шарл Перо (с яслени групи),161,123,"https://www.google.com/maps/d/viewer?authuser=0&hl=bg&mid=zBJvLL_EO4pE.kkhSC76Er9fk&t=h&ll=42.701614,23.323975&spn=0.089064,0.160675&z=13&dg=feature&mid=1401522258",15,Младост
ДГ №178 Сребърно копитце (с яслени групи),144,178,"https://www.google.com/maps/d/viewer?authuser=0&hl=bg&mid=zBJvLL_EO4pE.kkhSC76Er9fk&ll=42.643331,23.38522&spn=0.00187,0.003626&t=h&z=18&iwloc=00044de324497d45d8cf4",15,Младост
ДГ №178 Сребърно копитце - сграда 2,280,178,"https://www.google.com/maps/d/viewer?authuser=0&hl=bg&mid=zBJvLL_EO4pE.kkhSC76Er9fk&msa=0&ll=42.641962,23.383917&spn=0.002344,0.005659&iwloc=0004d597652e429a14be8",15,Младост
ДГ №186 Деница (с яслени групи),28,186,"https://www.google.com/maps/d/viewer?authuser=0&hl=bg&mid=zBJvLL_EO4pE.kkhSC76Er9fk&ll=42.647159,23.370607&spn=0.00187,0.003626&t=h&z=18&iwloc=00044d94121567f2aa76a",15,Младост
"ДГ №188 Вяра, Надежда, Любов (с яслени групи)",26,188,"https://www.google.com/maps/d/viewer?authuser=0&hl=bg&mid=zBJvLL_EO4pE.kkhSC76Er9fk&ll=42.631883,23.376868&spn=0.001871,0.003626&t=h&z=18&iwloc=00044db8f6edba383446f",15,Младост
ДГ №189 Сто усмивки (с яслени групи),302,189,"https://www.google.com/maps/d/viewer?authuser=0&hl=bg&mid=zBJvLL_EO4pE.kkhSC76Er9fk&msa=0&ll=42.650136,23.375269&spn=0.00113,0.002642&iwloc=00050227a36d25dd19d76",15,Младост
ДГ №10 Чебурашка (с яслени групи),172,10,"https://www.google.com/maps/d/viewer?authuser=0&hl=bg&mid=zBJvLL_EO4pE.kkhSC76Er9fk&ll=42.664336,23.362829&spn=0.00187,0.003626&t=h&z=18&iwloc=00044d9210b7eb8b0fc79",16,Студентски
ДГ №12 Лилия (с яслени групи),81,12,"https://www.google.com/maps/d/viewer?authuser=0&hl=bg&mid=zBJvLL_EO4pE.kkhSC76Er9fk&ll=42.660379,23.365179&spn=0.00187,0.003626&t=h&z=18&iwloc=00044d92735fce269f9fc",16,Студентски
ДГ №16 Приказен свят,106,16,"https://www.google.com/maps/d/viewer?authuser=0&hl=bg&mid=zBJvLL_EO4pE.kkhSC76Er9fk&ll=42.648741,23.342503&spn=0.00187,0.003626&t=h&z=18&iwloc=00044d93aaf7d673e0b40",16,Студентски
ДГ №16 Приказен свят - сграда 2 (с яслени групи),299,16,"https://www.google.com/maps/d/viewer?authuser=0&hl=bg&mid=zBJvLL_EO4pE.kkhSC76Er9fk&msa=0&ll=42.648555,23.340118,3a,75y,291.94h,86.71t&iwloc=0004abdc3baa31c8f0772",16,Студентски
СДЯ №69 ,262,69,"https://www.google.com/maps/d/viewer?authuser=0&hl=bg&mid=zBJvLL_EO4pE.kkhSC76Er9fk&msa=0&ll=42.654478,23.346956&spn=0.007464,0.012832  ",16,Студентски
ДГ №72 Приказка без край (с яслени групи),279,72,"https://www.google.com/maps/d/viewer?authuser=0&hl=bg&mid=zBJvLL_EO4pE.kkhSC76Er9fk&msa=0&ll=42.655448,23.360367&spn=0.002379,0.005681&iwloc=0004dddb12f430e2cff4e",16,Студентски
ДГ №78 Детски свят (с яслени групи),37,78,"https://www.google.com/maps/d/viewer?authuser=0&hl=bg&mid=zBJvLL_EO4pE.kkhSC76Er9fk&ll=42.655594,23.363543&spn=0.00187,0.003626&t=h&z=18&iwloc=00044dbb90225990c1c2b",16,Студентски
ДГ №79 Слънчице (с яслени групи),140,79,"https://www.google.com/maps/d/viewer?authuser=0&hl=bg&mid=zBJvLL_EO4pE.kkhSC76Er9fk&ll=42.652331,23.339875&spn=0.00187,0.003626&t=h&z=18&iwloc=00044dbbc921cc810832c",16,Студентски
ДГ №4 Слънчо (с яслени групи),141,4,"https://www.google.com/maps/d/viewer?authuser=0&hl=bg&mid=zBJvLL_EO4pE.kkhSC76Er9fk&msa=0&ll=42.628307,23.199649&spn=0.003402,0.010504&iwloc=00044d90597d8a9edc5eb",17,Витоша
ДГ №4 Слънчо - сграда 2,692,4,,17,Витоша
ДГ №37 Вълшебство (с яслени групи),25,37,"https://www.google.com/maps/d/viewer?authuser=0&hl=bg&mid=zBJvLL_EO4pE.kkhSC76Er9fk&ll=42.669539,23.271457&spn=0.00187,0.003626&t=h&z=18&iwloc=00044da515273fecbf358",17,Витоша
ДГ №41 Приятели,203,41,"https://www.google.com/maps/d/viewer?authuser=0&hl=bg&mid=zBJvLL_EO4pE.kkhSC76Er9fk&ll=42.600696,23.170327&spn=0.003641,0.006899&t=h&z=17&iwloc=00049047afcdac37d1d83  ",17,Витоша
ДГ №46 Жива вода (с яслени групи),49,46,"https://www.google.com/maps/d/viewer?authuser=0&hl=bg&mid=zBJvLL_EO4pE.kkhSC76Er9fk&ll=42.613544,23.340272&spn=0.001871,0.003626&t=h&z=18&iwloc=00044da679539617f0dbe",17,Витоша
СДЯ №55 ,263,55,"https://www.google.com/maps/d/viewer?authuser=0&hl=bg&mid=zBJvLL_EO4pE.kkhSC76Er9fk&msa=0&ll=42.670383,23.271661&spn=0.007463,0.012832  ",17,Витоша
ДГ №60 Бор (с яслени групи),10,60,"https://www.google.com/maps/d/viewer?authuser=0&hl=bg&mid=zBJvLL_EO4pE.kkhSC76Er9fk&ll=42.666178,23.243594&spn=0.00187,0.003626&t=h&z=18&iwloc=00044db83a70ad1b07dcf",17,Витоша
ДГ №112 Детски свят,34,112,"https://www.google.com/maps/d/viewer?authuser=0&hl=bg&mid=zBJvLL_EO4pE.kkhSC76Er9fk&ll=42.645411,23.288087&spn=0.00187,0.003626&t=h&z=18&iwloc=00044dcee1998a71c76dc",17,Витоша
ДГ №116 Мусала,94,116,"https://www.google.com/maps/d/viewer?authuser=0&hl=bg&mid=zBJvLL_EO4pE.kkhSC76Er9fk&ll=42.668446,23.270143&spn=0.00187,0.003626&t=h&z=18&iwloc=00044d93955ec789f673f",17,Витоша
ДГ №116 Мусала - сграда Гърдова глава,301,116,"https://www.google.com/maps/d/viewer?authuser=0&hl=bg&mid=zBJvLL_EO4pE.kkhSC76Er9fk&msa=0&ll=42.658178,23.269161&spn=0.004284,0.010568&iwloc=000500fc4b529461be2c0",17,Витоша
ДГ №160 Драгалевци (с яслени групи),57,160,"https://www.google.com/maps/d/viewer?authuser=0&hl=bg&mid=zBJvLL_EO4pE.kkhSC76Er9fk&ll=42.631105,23.315032&spn=0.001871,0.003626&t=h&z=18&iwloc=00044de11addf98f2825a",17,Витоша
ДГ №160 Драгалевци - сграда 2,480,160,,17,Витоша
ДГ №9 Пламъче (с яслени групи),104,9,"https://www.google.com/maps/d/viewer?authuser=0&hl=bg&mid=zBJvLL_EO4pE.kkhSC76Er9fk&ll=42.695105,23.226825&spn=0.001869,0.003626&t=h&z=18&iwloc=00044d915731c50fe5ef4",18,Овча купел
ДГ №33 Сребърни звънчета (с яслени групи),143,33,"https://www.google.com/maps/d/viewer?authuser=0&hl=bg&mid=zBJvLL_EO4pE.kkhSC76Er9fk&ll=42.686308,23.242473&spn=0.001869,0.003626&t=h&z=18&iwloc=00044da4b1e643d922cb0",18,Овча купел
ДГ №39 Пролет (с яслени групи),110,39,"https://www.google.com/maps/d/viewer?authuser=0&hl=bg&mid=zBJvLL_EO4pE.kkhSC76Er9fk&ll=42.687696,23.257311&spn=0.001869,0.003626&t=h&z=18&iwloc=00044da564fc5c787a413",18,Овча купел
СДЯ №66 ,264,66,"https://www.google.com/maps/d/viewer?authuser=0&hl=bg&mid=zBJvLL_EO4pE.kkhSC76Er9fk&msa=0&ll=42.681473,23.265224&spn=0.003731,0.006416  ",18,Овча купел
ДГ №84 Детелина (с яслени групи),30,84,"https://www.google.com/maps/d/viewer?authuser=0&hl=bg&mid=zBJvLL_EO4pE.kkhSC76Er9fk&ll=42.687199,23.243793&spn=0.001869,0.003626&t=h&z=18&iwloc=00044dbcacd56b0d54471",18,Овча купел
ДГ №125 Усмивка (с яслени групи),151,125,"https://www.google.com/maps/d/viewer?authuser=0&hl=bg&mid=zBJvLL_EO4pE.kkhSC76Er9fk&ll=42.68087,23.251657&spn=0.001869,0.003626&t=h&z=18&iwloc=00044dba9b12a7dfb7404",18,Овча купел
ДГ №125 Усмивка - сграда 3,689,125,,18,Овча купел
ДГ №161 Ласка (с яслени групи),303,161,"https://www.google.com/maps/d/viewer?authuser=0&hl=bg&mid=zBJvLL_EO4pE.kkhSC76Er9fk&ll=42.681875,23.2636265,17z&spn=0.001869,0.003626&t=h&z=18&iwloc=00044de2a34271fd2d446",18,Овча купел
"ДГ №161 Ласка - сграда 2 ж.к. Овча купел, бл. 611",297,161,"https://www.google.com/maps/d/viewer?authuser=0&hl=bg&mid=zBJvLL_EO4pE.kkhSC76Er9fk&ll=42.6811046,23.2712851,17z&spn=0.001869,0.003626&t=h&z=18&iwloc=00044de2a34271fd2d446",18,Овча купел
ДГ №161 Ласка - сграда 1 ул. Евлия Челеби,78,161,"https://www.google.com/maps/d/viewer?authuser=0&hl=bg&mid=zBJvLL_EO4pE.kkhSC76Er9fk&ll=42.672339,23.25649&spn=0.00187,0.003626&t=h&z=18&iwloc=00044de14884a20fe6952",18,Овча купел
ДГ №164 Зорница (с яслени групи),66,164,"https://www.google.com/maps/d/viewer?authuser=0&hl=bg&mid=zBJvLL_EO4pE.kkhSC76Er9fk&ll=42.673617,23.239163&spn=0.001869,0.003626&t=h&z=18&iwloc=00044de18e6cbdf74253b",18,Овча купел
ДГ №22 Великденче (с яслени групи),17,22,"https://www.google.com/maps/d/viewer?authuser=0&hl=bg&mid=zBJvLL_EO4pE.kkhSC76Er9fk&ll=42.725491,23.249978&spn=0.001868,0.003626&t=h&z=18&iwloc=00044d947b8eaba069b22",19,Люлин
ДГ №31 Люлин (с яслени групи),83,31,"https://www.google.com/maps/d/viewer?authuser=0&hl=bg&mid=zBJvLL_EO4pE.kkhSC76Er9fk&t=h&ll=42.724238,23.254425&spn=0.001911,0.003449&z=18&iwloc=lyrftr:msid:106348801090647713422.00044d55fe12e68875c38,00044da4de150077a062b,,,0,-31",19,Люлин
ДГ №32 Българче (с яслени групи),16,32,"https://www.google.com/maps/d/viewer?authuser=0&hl=bg&mid=zBJvLL_EO4pE.kkhSC76Er9fk&ll=42.721799,23.244163&spn=0.001868,0.003626&t=h&z=18&iwloc=00044da49206c5ef5b331",19,Люлин
ДГ №35 Щастливо детство (с яслени групи),164,35,"https://www.google.com/maps/d/viewer?authuser=0&hl=bg&mid=zBJvLL_EO4pE.kkhSC76Er9fk&t=h&ll=42.726784,23.247982&spn=0.001911,0.003449&z=18&iwloc=lyrftr:msid:106348801090647713422.00044d55fe12e68875c38,00044da4700f96a8bbc16,,,0,-31",19,Люлин
СДЯ №41 Ябълкова градина,265,41,"https://www.google.com/maps/d/viewer?authuser=0&hl=bg&mid=zBJvLL_EO4pE.kkhSC76Er9fk&msa=0&ll=42.728605,23.258529&spn=0.007456,0.012832",19,Люлин
ДГ №47 Незабравка (с яслени групи),97,47,"https://www.google.com/maps/d/viewer?authuser=0&hl=bg&mid=zBJvLL_EO4pE.kkhSC76Er9fk&msa=0&ll=42.713234,23.253915&spn=0.00957,0.022724&iwloc=00044da68c0556cdf06d6",19,Люлин
ДГ №47 Незабравка - почасова организация,318,47,"https://www.google.com/maps/d/viewer?authuser=0&hl=bg&mid=zBJvLL_EO4pE.kkhSC76Er9fk&msa=0&ll=42.713234,23.253915&spn=0.00957,0.022724&iwloc=00044da68c0556cdf06d6",19,Люлин
ДГ №55 Иглика (с яслени групи),68,55,"https://www.google.com/maps/d/viewer?authuser=0&hl=bg&mid=zBJvLL_EO4pE.kkhSC76Er9fk&msa=0&ll=42.719139,23.243176&spn=0.004753,0.011362&iwloc=00044da7c8e850a7bdc7e",19,Люлин
ДГ №57 Хосе Марти,155,57,"https://www.google.com/maps/d/viewer?authuser=0&hl=bg&mid=zBJvLL_EO4pE.kkhSC76Er9fk&msa=0&ll=42.713333,23.246201&spn=0.002377,0.005681&iwloc=00044da87220161e27cdd",19,Люлин
ДГ №64 Първи юни (с яслени групи),115,64,"https://www.google.com/maps/d/viewer?authuser=0&hl=bg&mid=zBJvLL_EO4pE.kkhSC76Er9fk&ll=42.710554,23.264097&spn=0.001868,0.003626&t=h&z=18&iwloc=00044db908a5410959675",19,Люлин
ДГ №68 Ран Босилек (с яслени групи),119,68,"https://www.google.com/maps/d/viewer?authuser=0&hl=bg&mid=zBJvLL_EO4pE.kkhSC76Er9fk&ll=42.712048,23.2612&spn=0.001868,0.003626&t=h&z=18&iwloc=00044db98c70788fb02ed",19,Люлин
ДГ №73 Маргарита,88,73,"https://www.google.com/maps/d/viewer?authuser=0&hl=bg&mid=zBJvLL_EO4pE.kkhSC76Er9fk&ll=42.712233,23.263716&spn=0.001868,0.003626&t=h&z=18&iwloc=00044dbab26f5ff884862",19,Люлин
ДГ №86 Асен Босев (с яслени групи),7,86,"https://www.google.com/maps/d/viewer?authuser=0&hl=bg&mid=zBJvLL_EO4pE.kkhSC76Er9fk&ll=42.72025,23.274482&spn=0.003736,0.006909&z=17&iwloc=00044dbce7dde3d2d3c0c",19,Люлин
ДГ №95 Омайниче (с яслени групи),179,95,"https://www.google.com/maps/d/viewer?authuser=0&hl=bg&mid=zBJvLL_EO4pE.kkhSC76Er9fk&ll=42.718863,23.274407&spn=0.003736,0.006909&z=17&iwloc=00044dcd24f3e99a18c4c",19,Люлин
ДГ №101 Ябълкова градина (с яслени групи),168,101,"https://www.google.com/maps/d/viewer?authuser=0&hl=bg&mid=zBJvLL_EO4pE.kkhSC76Er9fk&msa=0&ll=42.728112,23.257772&spn=0.002341,0.005659&iwloc=00044d9296e0df7d73358",19,Люлин
ДГ №122  (с яслени групи),703,122,,19,Люлин
СДЯ №128 Слънце,306,128,https://www.google.com/maps/d/viewer?ll=42.72097%2C23.24662&spn=0.00187%2C0.003626&hl=bg&t=h&z=18&iwloc=00044d91146130e33c98a&authuser=0&mid=16SSNdcKE-i_XeQ2mlaYxnZeXeTY,19,Люлин
ДГ №139 Панорама (с яслени групи),101,139,"https://www.google.com/maps/d/viewer?authuser=0&hl=bg&mid=zBJvLL_EO4pE.kkhSC76Er9fk&ll=42.72183,23.264805&spn=0.001868,0.003626&t=h&z=18&iwloc=00044dd1571577e4be631",19,Люлин
ДГ №139 Панорама - сграда ул. Луи Пастьор,220,139,"https://www.google.com/maps/d/viewer?authuser=0&hl=bg&mid=zBJvLL_EO4pE.kkhSC76Er9fk&t=h&ll=42.720423,23.273646&spn=0.003515,0.006856&z=17&iwloc=000488f7b9a8cfbfa2281",19,Люлин
ДГ №152 Люляче (с яслени групи),84,152,"https://www.google.com/maps/d/viewer?authuser=0&hl=bg&mid=zBJvLL_EO4pE.kkhSC76Er9fk&msa=0&ll=42.730031,23.250053&spn=0.004784,0.011362&iwloc=00044d9426c89cbfbdeaf",19,Люлин
ДГ №197 Китна градина,75,197,"https://www.google.com/maps/d/viewer?authuser=0&hl=bg&mid=zBJvLL_EO4pE.kkhSC76Er9fk&ll=42.719915,23.219138&spn=0.001868,0.003626&t=h&z=18&iwloc=00044dcd788f60e54290a",19,Люлин
ДГ №200 Цветен рай (с яслени групи),238,200,"https://www.google.com/maps/d/viewer?authuser=0&hl=bg&mid=zBJvLL_EO4pE.kkhSC76Er9fk&ll=42.716451,23.272562&spn=0.003634,0.006899&t=h&z=17&iwloc=000495159526820700280",19,Люлин
ДГ №5 Надежда (с яслени групи),190,5,"https://www.google.com/maps/d/viewer?authuser=0&hl=bg&mid=zBJvLL_EO4pE.kkhSC76Er9fk&ll=42.735957,23.284278&spn=0.003735,0.007253&t=h&z=17&iwloc=00044d906f96d2180b96d",20,Връбница
ДГ №5 Надежда - сграда Обеля 2,270,5,"https://www.google.com/maps/d/viewer?authuser=0&hl=bg&mid=zBJvLL_EO4pE.kkhSC76Er9fk&t=h&ll=42.701614,23.323975&spn=0.089064,0.160675&z=13&mid=1369131719",20,Връбница
ДГ №5 Надежда - сграда Обеля 1,209,5,"https://www.google.com/maps/d/viewer?authuser=0&hl=bg&mid=zBJvLL_EO4pE.kkhSC76Er9fk&t=h&ll=42.701614,23.323975&spn=0.089064,0.160675&z=13&mid=1369131719",20,Връбница
ДГ №5 Надежда - сграда Връбница 2,210,5,"https://www.google.com/maps/d/viewer?authuser=0&hl=bg&mid=zBJvLL_EO4pE.kkhSC76Er9fk&t=h&ll=42.701614,23.323975&spn=0.089064,0.160675&z=13&mid=1369131719",20,Връбница
ДГ №42 Чайка (с яслени групи),156,42,"https://www.google.com/maps/d/viewer?authuser=0&hl=bg&mid=zBJvLL_EO4pE.kkhSC76Er9fk&ll=42.733258,23.285737&spn=0.001868,0.003626&t=h&z=18&iwloc=00044da625365e5d9e27b",20,Връбница
ДГ №82 Джани Родари (с яслени групи),39,82,"https://www.google.com/maps/d/viewer?authuser=0&hl=bg&mid=zBJvLL_EO4pE.kkhSC76Er9fk&ll=42.744684,23.277647&spn=0.001867,0.003626&t=h&z=18&iwloc=00044dbc57263fbcce31a",20,Връбница
ДГ №138 Приятели (с яслени групи),2,138,"https://www.google.com/maps/d/viewer?authuser=0&hl=bg&mid=zBJvLL_EO4pE.kkhSC76Er9fk&ll=42.741556,23.262477&spn=0.001867,0.003626&t=h&z=18&iwloc=00044da6120f085ae219d",20,Връбница
ДГ №176 Зорница (с яслени групи),195,176,"https://www.google.com/maps/d/viewer?authuser=0&hl=bg&mid=zBJvLL_EO4pE.kkhSC76Er9fk&ll=42.779023,23.276854&spn=0.029861,0.058022&t=h&z=14&iwloc=00044dcc45b391b3a8c18",20,Връбница
ДГ №176 Зорница - филиал с. Волуяк,194,176,"https://www.google.com/maps/d/viewer?authuser=0&hl=bg&mid=zBJvLL_EO4pE.kkhSC76Er9fk&ll=42.767765,23.243605&spn=0.001867,0.003626&t=h&z=18&iwloc=00044dbb218acc24e819e",20,Връбница
ДГ №198 Косе Босе (с яслени групи),307,198,https://www.google.com/maps/d/edit?mid=16SSNdcKE-i_XeQ2mlaYxnZeXeTY&ll=42.73412051416351%2C23.296959081665136&z=13,20,Връбница
ДГ №102 Кременица (с яслени групи),188,102,"https://www.google.com/maps/d/viewer?authuser=0&hl=bg&mid=zBJvLL_EO4pE.kkhSC76Er9fk&ll=42.820084,23.341656&spn=0.029841,0.058022&t=h&z=14&iwloc=00044d8ff401e63ab5de4",21,Нови Искър
ДГ №102 Кременица - филиал с. Кътина,290,102,"https://www.google.com/maps/d/viewer?authuser=0&hl=bg&mid=zBJvLL_EO4pE.kkhSC76Er9fk&t=h&ll=42.701614,23.323975&spn=0.089064,0.160675&z=13&mid=1369126325",21,Нови Искър
ДГ №102 Кременица - сграда кв. Гниляне,291,102,"https://www.google.com/maps/d/viewer?authuser=0&hl=bg&mid=zBJvLL_EO4pE.kkhSC76Er9fk&t=h&ll=42.701614,23.323975&spn=0.089064,0.160675&z=13&mid=1369131719",21,Нови Искър
ДГ №114 Светулка (с яслени групи),127,114,"https://www.google.com/maps/d/viewer?authuser=0&hl=bg&mid=zBJvLL_EO4pE.kkhSC76Er9fk&ll=42.785264,23.392956&spn=0.001866,0.003626&t=h&z=18&iwloc=00044d92af140c38a05a7",21,Нови Искър
ДГ №121  (с яслени групи),146,121,"https://www.google.com/maps/d/viewer?authuser=0&hl=bg&mid=zBJvLL_EO4pE.kkhSC76Er9fk&ll=42.815237,23.348436&spn=0.029844,0.058022&t=h&z=14&iwloc=00044de34850f3b0075fd",21,Нови Искър
ДГ №121 - филиал с. Доброславци,217,121,"https://www.google.com/maps/d/viewer?authuser=0&hl=bg&mid=zBJvLL_EO4pE.kkhSC76Er9fk&ll=42.822359,23.283559&spn=0.003628,0.006899&t=h&z=17&iwloc=00049037124bceb998dba  ",21,Нови Искър
ДГ №121 - почасова организация,342,121,"https://www.google.com/maps/d/viewer?authuser=0&hl=bg&mid=zBJvLL_EO4pE.kkhSC76Er9fk&ll=42.815237,23.348436&spn=0.029844,0.058022&t=h&z=14&iwloc=00044de34850f3b0075fd",21,Нови Искър
ДГ №132 Светлина (с яслени групи),1,132,"https://www.google.com/maps/d/viewer?authuser=0&hl=bg&mid=zBJvLL_EO4pE.kkhSC76Er9fk&ll=42.760275,23.427771&spn=0.001867,0.003626&t=h&z=18&iwloc=00044da482e854d4d9053",21,Нови Искър
ДГ №132 Светлина - филиал с. Подгумер,100,132,"https://www.google.com/maps/d/viewer?authuser=0&hl=bg&mid=zBJvLL_EO4pE.kkhSC76Er9fk&ll=42.801435,23.401759&spn=0.001866,0.003626&t=h&z=18&iwloc=00044da50418bb5e5d96c",21,Нови Искър
ДГ №135 Мое детство (с яслени групи),180,135,"https://www.google.com/maps/d/viewer?authuser=0&hl=bg&mid=zBJvLL_EO4pE.kkhSC76Er9fk&t=h&ll=42.701614,23.323975&spn=0.089064,0.160675&z=13&mid=1369126325",21,Нови Искър
ДГ №135 Мое детство - почасова организация,348,135,"https://www.google.com/maps/d/viewer?authuser=0&hl=bg&mid=zBJvLL_EO4pE.kkhSC76Er9fk&t=h&ll=42.701614,23.323975&spn=0.089064,0.160675&z=13&mid=1369126325",21,Нови Искър
ДГ №157 Детска стряха (с яслени групи),33,157,"https://www.google.com/maps/d/viewer?authuser=0&hl=bg&mid=zBJvLL_EO4pE.kkhSC76Er9fk&msa=0&ll=42.813609,23.343976&spn=0.001186,0.00284&iwloc=00044da83a738a354b470",21,Нови Искър
СДЯ №38 ,266,38,"https://www.google.com/maps/d/viewer?authuser=0&hl=bg&mid=zBJvLL_EO4pE.kkhSC76Er9fk&msa=0&ll=42.718264,23.430061&spn=0.059654,0.102654",22,Кремиковци
ДГ №44 Калина (с яслени групи),71,44,"https://www.google.com/maps/d/viewer?authuser=0&hl=bg&mid=zBJvLL_EO4pE.kkhSC76Er9fk&msa=0&ll=42.741245,23.503318&spn=0.013584,0.042014&iwloc=00044da656763c2e1fa43",22,Кремиковци
ДГ №44 Калина - почасова организация,316,44,"https://www.google.com/maps/d/viewer?authuser=0&hl=bg&mid=zBJvLL_EO4pE.kkhSC76Er9fk&msa=0&ll=42.741245,23.503318&spn=0.013584,0.042014&iwloc=00044da656763c2e1fa43",22,Кремиковци
ДГ №58 Слънчево утро (с яслени групи),122,58,"https://www.google.com/maps/d/viewer?authuser=0&hl=bg&mid=zBJvLL_EO4pE.kkhSC76Er9fk&ll=42.732659,23.466888&spn=0.001868,0.003626&t=h&z=18&iwloc=00044da8b0b0f8d4e896e",22,Кремиковци
ДГ №89 Шарена дъга (с яслени групи),159,89,"https://www.google.com/maps/d/viewer?authuser=0&hl=bg&mid=zBJvLL_EO4pE.kkhSC76Er9fk&ll=42.71126,23.413308&spn=0.001868,0.003626&t=h&z=18&iwloc=00044dbaed203242cd6d8",22,Кремиковци
ДГ №94 Детски свят (с яслени групи),178,94,"https://www.google.com/maps/d/viewer?authuser=0&hl=bg&mid=zBJvLL_EO4pE.kkhSC76Er9fk&msa=0&ll=42.764123,23.568442&spn=0.00679,0.021007",22,Кремиковци
ДГ №140 Зорница (с яслени групи),282,140,"https://www.google.com/maps/d/viewer?authuser=0&hl=bg&mid=zBJvLL_EO4pE.kkhSC76Er9fk&msa=0&ll=42.707416,23.452377&spn=0.129925,0.292854&iwloc=0004c8cd400d61cffbe29",22,Кремиковци
ДГ №146 Звездица,52,146,"https://www.google.com/maps/d/viewer?authuser=0&hl=bg&mid=zBJvLL_EO4pE.kkhSC76Er9fk&ll=42.688559,23.471968&spn=0.001869,0.003626&t=h&z=18&iwloc=00044de059c8c966135ae",22,Кремиковци
"ДГ №146 Звездица - сграда 2, кв. Сеславци",690,146,,22,Кремиковци
ДГ №147 Славейче (с яслени групи),189,147,"https://www.google.com/maps/d/viewer?authuser=0&hl=bg&mid=zBJvLL_EO4pE.kkhSC76Er9fk&msa=0&ll=42.720258,23.532189&spn=0.004753,0.011362&iwloc=00044da6991b92c1f0bad",22,Кремиковци
ДГ №147 Славейче - филиал с. Яна,186,147,"https://www.google.com/maps/d/viewer?authuser=0&hl=bg&mid=zBJvLL_EO4pE.kkhSC76Er9fk&ll=42.728687,23.559043&spn=0.001868,0.003626&t=h&z=18&iwloc=00044dd0d2c664f53c8e3",22,Кремиковци
ДГ №3 Детелина,31,3,"https://www.google.com/maps/d/viewer?authuser=0&hl=bg&mid=zBJvLL_EO4pE.kkhSC76Er9fk&msa=0&ll=42.659938,23.460789&spn=0.017642,0.040169&iwloc=lyrftr:msid:215514434165803826755.00044d55fe12e68875c38,0004c3e8c6dcce404fe28,42.656308,23.462763,0,-32",23,Панчарево
ДГ №3 Детелина - Експериментална сграда,281,3,"https://www.google.com/maps/d/viewer?authuser=0&hl=bg&mid=zBJvLL_EO4pE.kkhSC76Er9fk&msa=0&ll=42.673728,23.4589&spn=0.070551,0.160675&iwloc=lyrftr:msid:215514434165803826755.00044d55fe12e68875c38,0004c3e86eebd91b86539,,,0,-31",23,Панчарево
СДЯ №44 ,267,44,"https://www.google.com/maps/d/viewer?authuser=0&hl=bg&mid=zBJvLL_EO4pE.kkhSC76Er9fk&msa=0&ll=42.584907,23.370345&spn=0.006809,0.021007",23,Панчарево
ДГ №66 Елица (с яслени групи),44,66,"https://www.google.com/maps/d/viewer?authuser=0&hl=bg&mid=zBJvLL_EO4pE.kkhSC76Er9fk&ll=42.598895,23.403588&spn=0.001872,0.003626&t=h&z=18&iwloc=00044db94062ae81cb1b0",23,Панчарево
ДГ №66 Елица - почасова организация,322,66,"https://www.google.com/maps/d/viewer?authuser=0&hl=bg&mid=zBJvLL_EO4pE.kkhSC76Er9fk&ll=42.598895,23.403588&spn=0.001872,0.003626&t=h&z=18&iwloc=00044db94062ae81cb1b0",23,Панчарево
ДГ №97 Изгрев,69,97,"https://www.google.com/maps/d/viewer?authuser=0&hl=bg&mid=zBJvLL_EO4pE.kkhSC76Er9fk&ll=42.594844,23.410492&spn=0.001872,0.003626&t=h&z=18&iwloc=00044dbbdf300d9dd70ed",23,Панчарево
ДГ №97 Изгрев - сграда с. Долни Лозен (с яслени групи),229,97,"https://www.google.com/maps/d/viewer?authuser=0&hl=bg&mid=zBJvLL_EO4pE.kkhSC76Er9fk&ll=42.604621,23.491763&spn=0.00364,0.006899&t=h&z=17&iwloc=00049048d3379cbbfe04b  ",23,Панчарево
ДГ №143 Щурче,167,143,"https://www.google.com/maps/d/viewer?authuser=0&hl=bg&mid=zBJvLL_EO4pE.kkhSC76Er9fk&msa=0&ll=42.582363,23.360549&spn=0.003405,0.010504",23,Панчарево
"ДГ №143 Щурче - сграда ул. ""Просвета"" № 14",706,143,,23,Панчарево
ДГ №180 Зайченцето бяло (с яслени групи),50,180,"https://www.google.com/maps/d/viewer?authuser=0&hl=bg&mid=zBJvLL_EO4pE.kkhSC76Er9fk&ll=42.614511,23.417315&spn=0.001871,0.003626&t=h&z=18&iwloc=00044de3716b92ba64057",23,Панчарево
ДГ №181 Радост,196,181,"https://www.google.com/maps/d/viewer?authuser=0&hl=bg&mid=zBJvLL_EO4pE.kkhSC76Er9fk&ll=42.612,23.411297&spn=0.001871,0.003626&t=h&z=18&iwloc=00044de380c257664fab7",23,Панчарево
ДГ №182 Пчелица,114,182,"https://www.google.com/maps/d/viewer?authuser=0&hl=bg&mid=zBJvLL_EO4pE.kkhSC76Er9fk&msa=0&ll=42.54475,23.49098&spn=0.009391,0.022638",23,Панчарево
ДГ №25 Изворче,174,25,"https://www.google.com/maps/d/viewer?authuser=0&hl=bg&mid=zBJvLL_EO4pE.kkhSC76Er9fk&ll=42.715635,23.173937&spn=0.001868,0.003626&t=h&z=18&iwloc=00044d950320a5bf8dd04",24,Банкя
ДГ №25 Изворче - сграда 3,497,25,,24,Банкя
ДГ №25 Изворче - сграда 2,274,25,"https://www.google.com/maps/d/viewer?authuser=0&hl=bg&mid=zBJvLL_EO4pE.kkhSC76Er9fk&msa=0&ll=42.711831,23.147228&spn=0.009507,0.022724&iwloc=0004dd5dfe026bb847c70",24,Банкя
ДГ №116 Мусала - сграда бул. Ал. Пушкин №2,223,116,"https://www.google.com/maps/d/viewer?authuser=0&hl=bg&mid=zBJvLL_EO4pE.kkhSC76Er9fk&msa=0&ll=42.667803,23.267037&spn=0.004757,0.011362&iwloc=0004904a08573d8ef7b0e",17,Витоша
ДГ №90 Веса Паспалеева - сграда ул. Бял люляк 19,260,90,"https://www.google.com/maps/d/viewer?authuser=0&hl=bg&mid=zBJvLL_EO4pE.kkhSC76Er9fk&msa=0&ll=42.737588,23.296573&spn=0.007454,0.012832  ",13,Надежда
